timestamp,instance_id,resolved_ips,error
2026-04-11T14:09:44.831923+00:00,64f6db8b,10.70.2.4,None
2026-04-11T14:09:48.090790+00:00,64f6db8b,10.70.2.4,None
2026-04-11T14:09:51.306407+00:00,64f6db8b,10.70.2.4,None
2026-04-11T14:09:54.526923+00:00,64f6db8b,10.70.2.4,None
2026-04-11T14:09:57.738438+00:00,64f6db8b,10.70.2.4,None
2026-04-11T14:10:00.948153+00:00,64f6db8b,10.70.2.4,None
2026-04-11T14:10:04.154337+00:00,64f6db8b,10.70.2.4,None
2026-04-11T14:10:07.354968+00:00,64f6db8b,10.70.2.4,None
2026-04-11T14:10:10.555982+00:00,64f6db8b,10.70.2.4,None
2026-04-11T14:10:13.766869+00:00,64f6db8b,10.70.2.4,None
